# system info Rom_Check1 on 2018.01.19.10:57:31
system_info:
name,value
DEVICE,10AX115S2F45I2SG
DEVICE_FAMILY,Arria 10
GENERATION_ID,1516330649
#
#
# Files generated for Rom_Check1 on 2018.01.19.10:57:31
files:
filepath,kind,attributes,module,is_top
sim/Rom_Check1.v,VERILOG,CONTAINS_INLINE_CONFIGURATION,Rom_Check1,true
rom_1port_161/sim/Rom_Check1_rom_1port_161_rt54boq.v,VERILOG,,Rom_Check1_rom_1port_161_rt54boq,false
#
# Map from instance-path to kind of module
instances:
instancePath,module
Rom_Check1.rom_1port_0,Rom_Check1_rom_1port_161_rt54boq
