# system info Rom_Check2 on 2018.01.19.10:59:15
system_info:
name,value
DEVICE,10AX115S2F45I2SG
DEVICE_FAMILY,Arria 10
GENERATION_ID,1516330755
#
#
# Files generated for Rom_Check2 on 2018.01.19.10:59:15
files:
filepath,kind,attributes,module,is_top
sim/Rom_Check2.v,VERILOG,CONTAINS_INLINE_CONFIGURATION,Rom_Check2,true
rom_1port_161/sim/Rom_Check2_rom_1port_161_6cvufhq.v,VERILOG,,Rom_Check2_rom_1port_161_6cvufhq,false
#
# Map from instance-path to kind of module
instances:
instancePath,module
Rom_Check2.rom_1port_0,Rom_Check2_rom_1port_161_6cvufhq
