<?xml version="1.0" encoding="UTF-8"?>
<deploy
 date="2017.07.14.19:26:36"
 outputDirectory="G:/bak/PCIe/pcie_demo_v0/data_pkt/synth/ip_core/afifo_8x1/afifo_8x1/">
 <perimeter>
  <parameter
     name="AUTO_GENERATION_ID"
     type="Integer"
     defaultValue="0"
     onHdl="0"
     affectsHdl="1" />
  <parameter
     name="AUTO_UNIQUE_ID"
     type="String"
     defaultValue=""
     onHdl="0"
     affectsHdl="1" />
  <parameter
     name="AUTO_DEVICE_FAMILY"
     type="String"
     defaultValue="Arria 10"
     onHdl="0"
     affectsHdl="1" />
  <parameter
     name="AUTO_DEVICE"
     type="String"
     defaultValue="10AX115S2F45I1SG"
     onHdl="0"
     affectsHdl="1" />
  <parameter
     name="AUTO_DEVICE_SPEEDGRADE"
     type="String"
     defaultValue="1"
     onHdl="0"
     affectsHdl="1" />
  <interface name="fifo_input" kind="conduit" start="0">
   <property name="associatedClock" value="" />
   <property name="associatedReset" value="" />
   <port name="data" direction="input" role="datain" width="1" />
   <port name="wrreq" direction="input" role="wrreq" width="1" />
   <port name="rdreq" direction="input" role="rdreq" width="1" />
   <port name="wrclk" direction="input" role="wrclk" width="1" />
   <port name="rdclk" direction="input" role="rdclk" width="1" />
  </interface>
  <interface name="fifo_output" kind="conduit" start="0">
   <property name="associatedClock" value="" />
   <property name="associatedReset" value="" />
   <port name="q" direction="output" role="dataout" width="1" />
   <port name="wrusedw" direction="output" role="wrusedw" width="3" />
   <port name="rdempty" direction="output" role="rdempty" width="1" />
   <port name="wrfull" direction="output" role="wrfull" width="1" />
  </interface>
 </perimeter>
 <entity kind="afifo_8x1" version="1.0" name="afifo_8x1">
  <parameter name="AUTO_GENERATION_ID" value="1500031596" />
  <parameter name="AUTO_DEVICE" value="10AX115S2F45I1SG" />
  <parameter name="AUTO_DEVICE_FAMILY" value="Arria 10" />
  <parameter name="AUTO_UNIQUE_ID" value="" />
  <parameter name="AUTO_DEVICE_SPEEDGRADE" value="1" />
  <generatedFiles>
   <file
       path="G:\bak\PCIe\pcie_demo_v0\data_pkt\synth\ip_core\afifo_8x1\afifo_8x1\synth\afifo_8x1.v"
       attributes="CONTAINS_INLINE_CONFIGURATION" />
   <file
       path="G:\bak\PCIe\pcie_demo_v0\data_pkt\synth\ip_core\afifo_8x1\afifo_8x1\synth\afifo_8x1_cfg.v"
       attributes="CONTAINS_INLINE_CONFIGURATION" />
  </generatedFiles>
  <childGeneratedFiles>
   <file
       path="G:\bak\PCIe\pcie_demo_v0\data_pkt\synth\ip_core\afifo_8x1\afifo_8x1\synth\afifo_8x1.v"
       attributes="CONTAINS_INLINE_CONFIGURATION" />
   <file
       path="G:\bak\PCIe\pcie_demo_v0\data_pkt\synth\ip_core\afifo_8x1\afifo_8x1\synth\afifo_8x1_cfg.v"
       attributes="CONTAINS_INLINE_CONFIGURATION" />
  </childGeneratedFiles>
  <sourceFiles>
   <file
       path="G:/bak/PCIe/pcie_demo_v0/data_pkt/synth/ip_core/afifo_8x1/afifo_8x1.qsys" />
  </sourceFiles>
  <childSourceFiles>
   <file path="E:/altera_161_stan/ip/altera/megafunctions/fifo/fifo_hw.tcl" />
  </childSourceFiles>
  <messages>
   <message level="Info" culprit="afifo_8x1">"Generating: afifo_8x1"</message>
   <message level="Info" culprit="afifo_8x1">"Generating: afifo_8x1_fifo_161_rgwi5iq"</message>
  </messages>
 </entity>
 <entity kind="fifo" version="16.1" name="afifo_8x1_fifo_161_rgwi5iq">
  <parameter name="GUI_Full" value="true" />
  <parameter name="GUI_RdUsedw_width" value="3" />
  <parameter name="GUI_AlmostFullThr" value="1" />
  <parameter name="GUI_AlmostEmpty" value="false" />
  <parameter name="DEVICE_FAMILY" value="Arria 10" />
  <parameter name="GUI_RAM_BLOCK_TYPE" value="Auto" />
  <parameter name="GUI_Empty" value="true" />
  <parameter name="GUI_wsEmpty" value="false" />
  <parameter name="GUI_msb_usedw" value="false" />
  <parameter name="GUI_WrUsedw_width" value="3" />
  <parameter name="GUI_rsEmpty" value="true" />
  <parameter name="GUI_Optimize" value="0" />
  <parameter name="GUI_Depth" value="8" />
  <parameter name="GUI_LE_BasedFIFO" value="false" />
  <parameter name="GUI_UsedW" value="true" />
  <parameter name="GUI_wsUsedW" value="true" />
  <parameter name="GUI_LegacyRREQ" value="1" />
  <parameter name="GUI_Usedw_width" value="8" />
  <parameter name="GUI_Optimize_max" value="0" />
  <parameter name="GUI_CLOCKS_ARE_SYNCHRONIZED" value="0" />
  <parameter name="GUI_rsUsedW" value="false" />
  <parameter name="GUI_read_aclr_synch" value="false" />
  <parameter name="GUI_AlmostFull" value="false" />
  <parameter name="GUI_MAX_DEPTH" value="Auto" />
  <parameter name="GUI_OVERFLOW_CHECKING" value="false" />
  <parameter name="GUI_UNDERFLOW_CHECKING" value="false" />
  <parameter name="GUI_output_width" value="8" />
  <parameter name="GUI_delaypipe" value="4" />
  <parameter name="GUI_wsFull" value="true" />
  <parameter name="GUI_ENABLE_ECC" value="false" />
  <parameter name="GUI_Clock" value="4" />
  <parameter name="GUI_dc_aclr" value="false" />
  <parameter name="GUI_rsFull" value="false" />
  <parameter name="GUI_sc_sclr" value="false" />
  <parameter name="GUI_diff_widths" value="false" />
  <parameter name="GUI_MAX_DEPTH_BY_9" value="false" />
  <parameter name="GUI_AlmostEmptyThr" value="1" />
  <parameter name="GUI_synStage" value="3" />
  <parameter name="GUI_write_aclr_synch" value="false" />
  <parameter name="GUI_sc_aclr" value="false" />
  <parameter name="GUI_DISABLE_DCFIFO_EMBEDDED_TIMING_CONSTRAINT" value="true" />
  <parameter name="GUI_Width" value="1" />
  <generatedFiles>
   <file
       path="G:\bak\PCIe\pcie_demo_v0\data_pkt\synth\ip_core\afifo_8x1\afifo_8x1\fifo_161\synth\afifo_8x1_fifo_161_rgwi5iq.v"
       attributes="" />
   <file
       path="G:\bak\PCIe\pcie_demo_v0\data_pkt\synth\ip_core\afifo_8x1\afifo_8x1\fifo_161\synth\afifo_8x1_fifo_161_rgwi5iq.sdc"
       attributes="" />
  </generatedFiles>
  <childGeneratedFiles>
   <file
       path="G:\bak\PCIe\pcie_demo_v0\data_pkt\synth\ip_core\afifo_8x1\afifo_8x1\fifo_161\synth\afifo_8x1_fifo_161_rgwi5iq.v"
       attributes="" />
   <file
       path="G:\bak\PCIe\pcie_demo_v0\data_pkt\synth\ip_core\afifo_8x1\afifo_8x1\fifo_161\synth\afifo_8x1_fifo_161_rgwi5iq.sdc"
       attributes="" />
  </childGeneratedFiles>
  <sourceFiles>
   <file path="E:/altera_161_stan/ip/altera/megafunctions/fifo/fifo_hw.tcl" />
  </sourceFiles>
  <childSourceFiles/>
  <instantiator instantiator="afifo_8x1" as="fifo_0" />
  <messages>
   <message level="Info" culprit="afifo_8x1">"Generating: afifo_8x1_fifo_161_rgwi5iq"</message>
  </messages>
 </entity>
</deploy>
