# system info afifo_8x1 on 2017.07.14.19:26:34
system_info:
name,value
DEVICE,10AX115S2F45I1SG
DEVICE_FAMILY,Arria 10
GENERATION_ID,1500031594
#
#
# Files generated for afifo_8x1 on 2017.07.14.19:26:34
files:
filepath,kind,attributes,module,is_top
sim/afifo_8x1.v,VERILOG,CONTAINS_INLINE_CONFIGURATION,afifo_8x1,true
fifo_161/sim/afifo_8x1_fifo_161_rgwi5iq.v,VERILOG,,afifo_8x1_fifo_161_rgwi5iq,false
fifo_161/sim/afifo_8x1_fifo_161_rgwi5iq.sdc,SDC,,afifo_8x1_fifo_161_rgwi5iq,false
#
# Map from instance-path to kind of module
instances:
instancePath,module
afifo_8x1.fifo_0,afifo_8x1_fifo_161_rgwi5iq
