<?xml version="1.0" encoding="UTF-8"?>
<deploy
 date="2017.12.12.17:11:20"
 outputDirectory="/home/gpu_server4/Desktop/2_2/pcie_demo_v2_0/data_pkt/synth/ip_core/diagonal/Rom_Check1/Rom_Check1/">
 <perimeter>
  <parameter
     name="AUTO_GENERATION_ID"
     type="Integer"
     defaultValue="0"
     onHdl="0"
     affectsHdl="1" />
  <parameter
     name="AUTO_UNIQUE_ID"
     type="String"
     defaultValue=""
     onHdl="0"
     affectsHdl="1" />
  <parameter
     name="AUTO_DEVICE_FAMILY"
     type="String"
     defaultValue="Arria 10"
     onHdl="0"
     affectsHdl="1" />
  <parameter
     name="AUTO_DEVICE"
     type="String"
     defaultValue="10AX115S2F45I1SG"
     onHdl="0"
     affectsHdl="1" />
  <parameter
     name="AUTO_DEVICE_SPEEDGRADE"
     type="String"
     defaultValue="1"
     onHdl="0"
     affectsHdl="1" />
  <interface name="rom_input" kind="conduit" start="0">
   <property name="associatedClock" value="" />
   <property name="associatedReset" value="" />
   <port name="address" direction="input" role="address" width="8" />
   <port name="clock" direction="input" role="clk" width="1" />
   <port name="rden" direction="input" role="rden" width="1" />
  </interface>
  <interface name="rom_output" kind="conduit" start="0">
   <property name="associatedClock" value="" />
   <property name="associatedReset" value="" />
   <port name="q" direction="output" role="dataout" width="32" />
  </interface>
 </perimeter>
 <entity kind="Rom_Check1" version="1.0" name="Rom_Check1">
  <parameter name="AUTO_GENERATION_ID" value="1513069880" />
  <parameter name="AUTO_DEVICE" value="10AX115S2F45I1SG" />
  <parameter name="AUTO_DEVICE_FAMILY" value="Arria 10" />
  <parameter name="AUTO_UNIQUE_ID" value="" />
  <parameter name="AUTO_DEVICE_SPEEDGRADE" value="1" />
  <generatedFiles>
   <file
       path="/home/gpu_server4/Desktop/2_2/pcie_demo_v2_0/data_pkt/synth/ip_core/diagonal/Rom_Check1/Rom_Check1/synth/Rom_Check1.v"
       attributes="CONTAINS_INLINE_CONFIGURATION" />
   <file
       path="/home/gpu_server4/Desktop/2_2/pcie_demo_v2_0/data_pkt/synth/ip_core/diagonal/Rom_Check1/Rom_Check1/synth/Rom_Check1_cfg.v"
       attributes="CONTAINS_INLINE_CONFIGURATION" />
  </generatedFiles>
  <childGeneratedFiles>
   <file
       path="/home/gpu_server4/Desktop/2_2/pcie_demo_v2_0/data_pkt/synth/ip_core/diagonal/Rom_Check1/Rom_Check1/synth/Rom_Check1.v"
       attributes="CONTAINS_INLINE_CONFIGURATION" />
   <file
       path="/home/gpu_server4/Desktop/2_2/pcie_demo_v2_0/data_pkt/synth/ip_core/diagonal/Rom_Check1/Rom_Check1/synth/Rom_Check1_cfg.v"
       attributes="CONTAINS_INLINE_CONFIGURATION" />
  </childGeneratedFiles>
  <sourceFiles>
   <file
       path="/home/gpu_server4/Desktop/2_2/pcie_demo_v2_0/data_pkt/synth/ip_core/diagonal/Rom_Check1/Rom_Check1.qsys" />
  </sourceFiles>
  <childSourceFiles>
   <file
       path="/home/gpu_server4/intelFPGA/16.1/ip/altera/megafunctions/rom_1port/rom_1_port_hw.tcl" />
  </childSourceFiles>
  <messages>
   <message level="Info" culprit="Rom_Check1">"Generating: Rom_Check1"</message>
   <message level="Info" culprit="Rom_Check1">"Generating: Rom_Check1_rom_1port_161_ztzmgiq"</message>
  </messages>
 </entity>
 <entity
   kind="rom_1port"
   version="16.1"
   name="Rom_Check1_rom_1port_161_ztzmgiq">
  <parameter name="GUI_CLOCK_ENABLE_INPUT_A" value="false" />
  <parameter name="GUI_NUMWORDS_A" value="256" />
  <parameter name="DEVICE_FAMILY" value="Arria 10" />
  <parameter name="GUI_RAM_BLOCK_TYPE" value="Auto" />
  <parameter name="GUI_SingleClock" value="0" />
  <parameter name="GUI_AclrAddr" value="false" />
  <parameter name="GUI_INIT_FILE_LAYOUT" value="PORT_A" />
  <parameter name="GUI_MAXIMUM_DEPTH" value="0" />
  <parameter name="GUI_RegOutput" value="true" />
  <parameter name="GUI_CLOCK_ENABLE_OUTPUT_A" value="false" />
  <parameter name="GUI_RESOURCE_USAGE" value="1 M20K" />
  <parameter name="GUI_rden" value="true" />
  <parameter name="GUI_JTAG_ID" value="NONE" />
  <parameter name="GUI_WIDTH_A" value="32" />
  <parameter name="GUI_FORCE_TO_ZERO" value="false" />
  <parameter
     name="GUI_MIFfilename"
     value="/home/gpu_server4/Desktop/2_2/pcie_demo_v2_0/data_pkt/synth/ip_core/diagonal/Rom_Check1/check1.mif" />
  <parameter name="GUI_RegAddr" value="true" />
  <parameter name="GUI_JTAG_ENABLED" value="false" />
  <parameter name="GUI_INIT_TO_SIM_X" value="false" />
  <parameter name="GUI_AclrOutput" value="false" />
  <parameter name="GUI_WIDTHAD_A" value="8" />
  <parameter name="GUI_ADDRESSSTALL_A" value="false" />
  <parameter name="GUI_FILE_REFERENCE" value="0" />
  <parameter name="GUI_TBENCH" value="false" />
  <parameter name="GUI_SclrOutput" value="false" />
  <parameter name="GUI_MODULE_NAME" value="altera_syncram" />
  <parameter name="GUI_BlankMemory" value="1" />
  <generatedFiles>
   <file
       path="/home/gpu_server4/Desktop/2_2/pcie_demo_v2_0/data_pkt/synth/ip_core/diagonal/Rom_Check1/Rom_Check1/rom_1port_161/synth/Rom_Check1_rom_1port_161_ztzmgiq.v"
       attributes="" />
  </generatedFiles>
  <childGeneratedFiles>
   <file
       path="/home/gpu_server4/Desktop/2_2/pcie_demo_v2_0/data_pkt/synth/ip_core/diagonal/Rom_Check1/Rom_Check1/rom_1port_161/synth/Rom_Check1_rom_1port_161_ztzmgiq.v"
       attributes="" />
  </childGeneratedFiles>
  <sourceFiles>
   <file
       path="/home/gpu_server4/intelFPGA/16.1/ip/altera/megafunctions/rom_1port/rom_1_port_hw.tcl" />
  </sourceFiles>
  <childSourceFiles/>
  <instantiator instantiator="Rom_Check1" as="rom_1port_0" />
  <messages>
   <message level="Info" culprit="Rom_Check1">"Generating: Rom_Check1_rom_1port_161_ztzmgiq"</message>
  </messages>
 </entity>
</deploy>
