# system info fifo_512x32 on 2017.12.29.10:58:28
system_info:
name,value
DEVICE,10AX115S2F45I2SG
DEVICE_FAMILY,Arria 10
GENERATION_ID,1514516307
#
#
# Files generated for fifo_512x32 on 2017.12.29.10:58:28
files:
filepath,kind,attributes,module,is_top
sim/fifo_512x32.v,VERILOG,CONTAINS_INLINE_CONFIGURATION,fifo_512x32,true
fifo_161/sim/fifo_512x32_fifo_161_6hroaea.v,VERILOG,,fifo_512x32_fifo_161_6hroaea,false
#
# Map from instance-path to kind of module
instances:
instancePath,module
fifo_512x32.fifo_0,fifo_512x32_fifo_161_6hroaea
