# system info fifo_1024x32 on 2017.06.10.19:15:49
system_info:
name,value
DEVICE,10AX115S1F45I1SG
DEVICE_FAMILY,Arria 10
GENERATION_ID,1497093349
#
#
# Files generated for fifo_1024x32 on 2017.06.10.19:15:49
files:
filepath,kind,attributes,module,is_top
sim/fifo_1024x32.v,VERILOG,CONTAINS_INLINE_CONFIGURATION,fifo_1024x32,true
fifo_161/sim/fifo_1024x32_fifo_161_2hu64yq.v,VERILOG,,fifo_1024x32_fifo_161_2hu64yq,false
#
# Map from instance-path to kind of module
instances:
instancePath,module
fifo_1024x32.fifo_0,fifo_1024x32_fifo_161_2hu64yq
