# system info ram_2port_512x32 on 2017.11.29.09:25:42
system_info:
name,value
DEVICE,10AX115S2F45I2SG
DEVICE_FAMILY,Arria 10
GENERATION_ID,1511918741
#
#
# Files generated for ram_2port_512x32 on 2017.11.29.09:25:42
files:
filepath,kind,attributes,module,is_top
sim/ram_2port_512x32.v,VERILOG,CONTAINS_INLINE_CONFIGURATION,ram_2port_512x32,true
ram_2port_161/sim/ram_2port_512x32_ram_2port_161_wdhffea.v,VERILOG,,ram_2port_512x32_ram_2port_161_wdhffea,false
#
# Map from instance-path to kind of module
instances:
instancePath,module
ram_2port_512x32.ram_2port_0,ram_2port_512x32_ram_2port_161_wdhffea
