<?xml version="1.0" encoding="UTF-8"?>
<deploy
 date="2017.11.29.09:25:45"
 outputDirectory="E:/STUDY/quartus_examples/diagonal/synth/ip_core/ram_2port_512x32/ram_2port_512x32/">
 <perimeter>
  <parameter
     name="AUTO_GENERATION_ID"
     type="Integer"
     defaultValue="0"
     onHdl="0"
     affectsHdl="1" />
  <parameter
     name="AUTO_UNIQUE_ID"
     type="String"
     defaultValue=""
     onHdl="0"
     affectsHdl="1" />
  <parameter
     name="AUTO_DEVICE_FAMILY"
     type="String"
     defaultValue="Arria 10"
     onHdl="0"
     affectsHdl="1" />
  <parameter
     name="AUTO_DEVICE"
     type="String"
     defaultValue="10AX115S2F45I2SG"
     onHdl="0"
     affectsHdl="1" />
  <parameter
     name="AUTO_DEVICE_SPEEDGRADE"
     type="String"
     defaultValue="2"
     onHdl="0"
     affectsHdl="1" />
  <interface name="ram_input" kind="conduit" start="0">
   <property name="associatedClock" value="" />
   <property name="associatedReset" value="" />
   <port name="data" direction="input" role="datain" width="32" />
   <port name="wraddress" direction="input" role="wraddress" width="9" />
   <port name="rdaddress" direction="input" role="rdaddress" width="9" />
   <port name="wren" direction="input" role="wren" width="1" />
   <port name="clock" direction="input" role="clock" width="1" />
   <port name="rden" direction="input" role="rden" width="1" />
  </interface>
  <interface name="ram_output" kind="conduit" start="0">
   <property name="associatedClock" value="" />
   <property name="associatedReset" value="" />
   <port name="q" direction="output" role="dataout" width="32" />
  </interface>
 </perimeter>
 <entity kind="ram_2port_512x32" version="1.0" name="ram_2port_512x32">
  <parameter name="AUTO_GENERATION_ID" value="1511918745" />
  <parameter name="AUTO_DEVICE" value="10AX115S2F45I2SG" />
  <parameter name="AUTO_DEVICE_FAMILY" value="Arria 10" />
  <parameter name="AUTO_UNIQUE_ID" value="" />
  <parameter name="AUTO_DEVICE_SPEEDGRADE" value="2" />
  <generatedFiles>
   <file
       path="E:\STUDY\quartus_examples\diagonal\synth\ip_core\ram_2port_512x32\ram_2port_512x32\synth\ram_2port_512x32.v"
       attributes="CONTAINS_INLINE_CONFIGURATION" />
   <file
       path="E:\STUDY\quartus_examples\diagonal\synth\ip_core\ram_2port_512x32\ram_2port_512x32\synth\ram_2port_512x32_cfg.v"
       attributes="CONTAINS_INLINE_CONFIGURATION" />
  </generatedFiles>
  <childGeneratedFiles>
   <file
       path="E:\STUDY\quartus_examples\diagonal\synth\ip_core\ram_2port_512x32\ram_2port_512x32\synth\ram_2port_512x32.v"
       attributes="CONTAINS_INLINE_CONFIGURATION" />
   <file
       path="E:\STUDY\quartus_examples\diagonal\synth\ip_core\ram_2port_512x32\ram_2port_512x32\synth\ram_2port_512x32_cfg.v"
       attributes="CONTAINS_INLINE_CONFIGURATION" />
  </childGeneratedFiles>
  <sourceFiles>
   <file
       path="E:/STUDY/quartus_examples/diagonal/synth/ip_core/ram_2port_512x32/ram_2port_512x32.qsys" />
  </sourceFiles>
  <childSourceFiles>
   <file
       path="C:/intelfpga/16.1/ip/altera/megafunctions/ram_2port/ram_2_port_hw.tcl" />
  </childSourceFiles>
  <messages>
   <message level="Info" culprit="ram_2port_512x32">"Generating: ram_2port_512x32"</message>
   <message level="Info" culprit="ram_2port_512x32">"Generating: ram_2port_512x32_ram_2port_161_wdhffea"</message>
  </messages>
 </entity>
 <entity
   kind="ram_2port"
   version="16.1"
   name="ram_2port_512x32_ram_2port_161_wdhffea">
  <parameter name="GUI_CLKEN_ADDRESS_STALL_A" value="false" />
  <parameter name="GUI_RDEN_DOUBLE" value="false" />
  <parameter name="GUI_NBE_A" value="true" />
  <parameter name="GUI_NUMWORDS_B" value="512" />
  <parameter name="GUI_ECC_TRIPLE" value="false" />
  <parameter name="GUI_MIF_FILENAME" value="" />
  <parameter name="GUI_NUMWORDS_A" value="512" />
  <parameter name="GUI_RAM_BLOCK_TYPE" value="Auto" />
  <parameter name="GUI_MEMSIZE_WORDS" value="512" />
  <parameter name="GUI_CONSTRAINED_DONT_CARE" value="true" />
  <parameter name="GUI_BLANK_MEMORY" value="0" />
  <parameter name="GUI_CLKEN_OUTPUT_REG_A" value="false" />
  <parameter name="GUI_CLKEN_OUTPUT_REG_B" value="false" />
  <parameter name="GUI_RDW_B_MODE" value="New Data" />
  <parameter name="GUI_BYTE_ENABLE_B" value="false" />
  <parameter name="GUI_BYTE_ENABLE_A" value="false" />
  <parameter name="GUI_BYTE_ENABLE_WIDTH" value="8" />
  <parameter name="GUI_MODE" value="0" />
  <parameter name="GUI_CLKEN_READ_OUTPUT_REG" value="false" />
  <parameter name="GUI_RESOURCE_USAGE" value="1 M20K" />
  <parameter name="GUI_SCLR_READ_OUTPUT_QB" value="false" />
  <parameter name="GUI_SCLR_READ_OUTPUT_QA" value="false" />
  <parameter name="GUI_QA_WIDTH" value="32" />
  <parameter name="GUI_NBE_B" value="true" />
  <parameter name="GUI_ECCENCBYPASS" value="false" />
  <parameter name="GUI_FORCE_TO_ZERO" value="false" />
  <parameter name="GUI_ECC_PIPELINE" value="false" />
  <parameter name="GUI_WRITE_INPUT_PORTS" value="true" />
  <parameter name="GUI_LC_IMPLEMENTION_OPTIONS" value="0" />
  <parameter name="GUI_ECC_DOUBLE" value="false" />
  <parameter name="GUI_RDADDRESS_WIDTH" value="9" />
  <parameter name="GUI_ACLR_READ_INPUT_RDADDRESS" value="false" />
  <parameter name="GUI_MEM_IN_BITS" value="0" />
  <parameter name="GUI_CLKEN_READ_INPUT_REG" value="false" />
  <parameter name="GUI_DIFFERENT_CLKENS" value="false" />
  <parameter name="GUI_QB_WIDTH" value="32" />
  <parameter name="GUI_FILE_REFERENCE" value="0" />
  <parameter name="GUI_TBENCH" value="false" />
  <parameter name="GUI_Q_PORT_MODE" value="2" />
  <parameter name="GUI_DATA_WIDTH" value="32" />
  <parameter name="GUI_CLKEN_INPUT_REG_A" value="false" />
  <parameter name="GUI_CLKEN_ADDRESS_STALL_B" value="false" />
  <parameter name="GUI_CLOCK_TYPE" value="0" />
  <parameter name="GUI_CLKEN_INPUT_REG_B" value="false" />
  <parameter name="DEVICE_FAMILY" value="Arria 10" />
  <parameter name="GUI_INIT_SIM_TO_X" value="false" />
  <parameter name="GUI_CLKEN_WRADDRESSSTALL" value="false" />
  <parameter name="GUI_INIT_FILE_LAYOUT" value="PORT_B" />
  <parameter name="GUI_Q_WIDTH" value="32" />
  <parameter name="GUI_DATAA_WIDTH" value="32" />
  <parameter name="GUI_CLKEN_WRITE_INPUT_REG" value="false" />
  <parameter name="GUI_READ_OUTPUT_QB" value="true" />
  <parameter name="GUI_MEMSIZE_BITS" value="256" />
  <parameter name="GUI_READ_OUTPUT_QA" value="true" />
  <parameter name="GUI_WIDTH_ECCSTATUS" value="2" />
  <parameter name="GUI_RDEN_SINGLE" value="true" />
  <parameter name="GUI_READ_INPUT_RDADDRESS" value="true" />
  <parameter name="GUI_RDW_A_MODE" value="New Data" />
  <parameter name="GUI_WRADDRESS_WIDTH" value="9" />
  <parameter name="GUI_CLKEN_RDADDRESSSTALL" value="false" />
  <parameter name="GUI_MAX_DEPTH" value="Auto" />
  <parameter name="GUI_ACLR_READ_OUTPUT_QA" value="false" />
  <parameter name="GUI_BYTE_WIDTH" value="4" />
  <parameter name="GUI_ACLR_READ_OUTPUT_QB" value="false" />
  <parameter name="GUI_COHERENT_READ" value="false" />
  <parameter name="GUI_VAR_WIDTH" value="false" />
  <parameter name="GUI_MODULE_NAME" value="altera_syncram" />
  <parameter name="GUI_WIDTH_ECCENCPARITY" value="8" />
  <generatedFiles>
   <file
       path="E:\STUDY\quartus_examples\diagonal\synth\ip_core\ram_2port_512x32\ram_2port_512x32\ram_2port_161\synth\ram_2port_512x32_ram_2port_161_wdhffea.v"
       attributes="" />
  </generatedFiles>
  <childGeneratedFiles>
   <file
       path="E:\STUDY\quartus_examples\diagonal\synth\ip_core\ram_2port_512x32\ram_2port_512x32\ram_2port_161\synth\ram_2port_512x32_ram_2port_161_wdhffea.v"
       attributes="" />
  </childGeneratedFiles>
  <sourceFiles>
   <file
       path="C:/intelfpga/16.1/ip/altera/megafunctions/ram_2port/ram_2_port_hw.tcl" />
  </sourceFiles>
  <childSourceFiles/>
  <instantiator instantiator="ram_2port_512x32" as="ram_2port_0" />
  <messages>
   <message level="Info" culprit="ram_2port_512x32">"Generating: ram_2port_512x32_ram_2port_161_wdhffea"</message>
  </messages>
 </entity>
</deploy>
