<?xml version="1.0" encoding="UTF-8"?>
<deploy
 date="2017.11.30.19:46:29"
 outputDirectory="E:/STUDY/quartus_examples/diagonal/synth/ip_core/fifo_X/fifo_X/">
 <perimeter>
  <parameter
     name="AUTO_GENERATION_ID"
     type="Integer"
     defaultValue="0"
     onHdl="0"
     affectsHdl="1" />
  <parameter
     name="AUTO_UNIQUE_ID"
     type="String"
     defaultValue=""
     onHdl="0"
     affectsHdl="1" />
  <parameter
     name="AUTO_DEVICE_FAMILY"
     type="String"
     defaultValue="Arria 10"
     onHdl="0"
     affectsHdl="1" />
  <parameter
     name="AUTO_DEVICE"
     type="String"
     defaultValue="10AX115S2F45I2SG"
     onHdl="0"
     affectsHdl="1" />
  <parameter
     name="AUTO_DEVICE_SPEEDGRADE"
     type="String"
     defaultValue="2"
     onHdl="0"
     affectsHdl="1" />
  <interface name="fifo_input" kind="conduit" start="0">
   <property name="associatedClock" value="" />
   <property name="associatedReset" value="" />
   <port name="data" direction="input" role="datain" width="32" />
   <port name="wrreq" direction="input" role="wrreq" width="1" />
   <port name="rdreq" direction="input" role="rdreq(ack)" width="1" />
   <port name="clock" direction="input" role="clk" width="1" />
   <port name="aclr" direction="input" role="aclr" width="1" />
  </interface>
  <interface name="fifo_output" kind="conduit" start="0">
   <property name="associatedClock" value="" />
   <property name="associatedReset" value="" />
   <port name="q" direction="output" role="dataout" width="32" />
   <port name="usedw" direction="output" role="usedw" width="12" />
  </interface>
 </perimeter>
 <entity kind="fifo_X" version="1.0" name="fifo_X">
  <parameter name="AUTO_GENERATION_ID" value="1512042389" />
  <parameter name="AUTO_DEVICE" value="10AX115S2F45I2SG" />
  <parameter name="AUTO_DEVICE_FAMILY" value="Arria 10" />
  <parameter name="AUTO_UNIQUE_ID" value="" />
  <parameter name="AUTO_DEVICE_SPEEDGRADE" value="2" />
  <generatedFiles>
   <file
       path="E:\STUDY\quartus_examples\diagonal\synth\ip_core\fifo_X\fifo_X\synth\fifo_X.v"
       attributes="CONTAINS_INLINE_CONFIGURATION" />
   <file
       path="E:\STUDY\quartus_examples\diagonal\synth\ip_core\fifo_X\fifo_X\synth\fifo_X_cfg.v"
       attributes="CONTAINS_INLINE_CONFIGURATION" />
  </generatedFiles>
  <childGeneratedFiles>
   <file
       path="E:\STUDY\quartus_examples\diagonal\synth\ip_core\fifo_X\fifo_X\synth\fifo_X.v"
       attributes="CONTAINS_INLINE_CONFIGURATION" />
   <file
       path="E:\STUDY\quartus_examples\diagonal\synth\ip_core\fifo_X\fifo_X\synth\fifo_X_cfg.v"
       attributes="CONTAINS_INLINE_CONFIGURATION" />
  </childGeneratedFiles>
  <sourceFiles>
   <file
       path="E:/STUDY/quartus_examples/diagonal/synth/ip_core/fifo_X/fifo_X.qsys" />
  </sourceFiles>
  <childSourceFiles>
   <file path="C:/intelfpga/16.1/ip/altera/megafunctions/fifo/fifo_hw.tcl" />
  </childSourceFiles>
  <messages>
   <message level="Info" culprit="fifo_X">"Generating: fifo_X"</message>
   <message level="Info" culprit="fifo_X">"Generating: fifo_X_fifo_161_skz73ra"</message>
  </messages>
 </entity>
 <entity kind="fifo" version="16.1" name="fifo_X_fifo_161_skz73ra">
  <parameter name="GUI_Full" value="false" />
  <parameter name="GUI_RdUsedw_width" value="8" />
  <parameter name="GUI_AlmostFullThr" value="1" />
  <parameter name="GUI_AlmostEmpty" value="false" />
  <parameter name="DEVICE_FAMILY" value="Arria 10" />
  <parameter name="GUI_RAM_BLOCK_TYPE" value="Auto" />
  <parameter name="GUI_Empty" value="false" />
  <parameter name="GUI_wsEmpty" value="false" />
  <parameter name="GUI_msb_usedw" value="false" />
  <parameter name="GUI_WrUsedw_width" value="8" />
  <parameter name="GUI_rsEmpty" value="true" />
  <parameter name="GUI_Optimize" value="0" />
  <parameter name="GUI_Depth" value="4096" />
  <parameter name="GUI_LE_BasedFIFO" value="false" />
  <parameter name="GUI_UsedW" value="true" />
  <parameter name="GUI_wsUsedW" value="false" />
  <parameter name="GUI_LegacyRREQ" value="0" />
  <parameter name="GUI_Usedw_width" value="12" />
  <parameter name="GUI_Optimize_max" value="0" />
  <parameter name="GUI_CLOCKS_ARE_SYNCHRONIZED" value="0" />
  <parameter name="GUI_rsUsedW" value="false" />
  <parameter name="GUI_read_aclr_synch" value="false" />
  <parameter name="GUI_AlmostFull" value="false" />
  <parameter name="GUI_MAX_DEPTH" value="Auto" />
  <parameter name="GUI_OVERFLOW_CHECKING" value="false" />
  <parameter name="GUI_UNDERFLOW_CHECKING" value="false" />
  <parameter name="GUI_output_width" value="8" />
  <parameter name="GUI_delaypipe" value="4" />
  <parameter name="GUI_wsFull" value="true" />
  <parameter name="GUI_ENABLE_ECC" value="false" />
  <parameter name="GUI_Clock" value="0" />
  <parameter name="GUI_dc_aclr" value="false" />
  <parameter name="GUI_rsFull" value="false" />
  <parameter name="GUI_sc_sclr" value="false" />
  <parameter name="GUI_diff_widths" value="false" />
  <parameter name="GUI_MAX_DEPTH_BY_9" value="false" />
  <parameter name="GUI_AlmostEmptyThr" value="1" />
  <parameter name="GUI_synStage" value="3" />
  <parameter name="GUI_write_aclr_synch" value="false" />
  <parameter name="GUI_sc_aclr" value="true" />
  <parameter name="GUI_DISABLE_DCFIFO_EMBEDDED_TIMING_CONSTRAINT" value="true" />
  <parameter name="GUI_Width" value="32" />
  <generatedFiles>
   <file
       path="E:\STUDY\quartus_examples\diagonal\synth\ip_core\fifo_X\fifo_X\fifo_161\synth\fifo_X_fifo_161_skz73ra.v"
       attributes="" />
  </generatedFiles>
  <childGeneratedFiles>
   <file
       path="E:\STUDY\quartus_examples\diagonal\synth\ip_core\fifo_X\fifo_X\fifo_161\synth\fifo_X_fifo_161_skz73ra.v"
       attributes="" />
  </childGeneratedFiles>
  <sourceFiles>
   <file path="C:/intelfpga/16.1/ip/altera/megafunctions/fifo/fifo_hw.tcl" />
  </sourceFiles>
  <childSourceFiles/>
  <instantiator instantiator="fifo_X" as="fifo_0" />
  <messages>
   <message level="Info" culprit="fifo_X">"Generating: fifo_X_fifo_161_skz73ra"</message>
  </messages>
 </entity>
</deploy>
