# system info fifo_512x128 on 2017.11.16.14:28:17
system_info:
name,value
DEVICE,10AX115S2F45I1SG
DEVICE_FAMILY,Arria 10
GENERATION_ID,1510813697
#
#
# Files generated for fifo_512x128 on 2017.11.16.14:28:17
files:
filepath,kind,attributes,module,is_top
sim/fifo_512x128.v,VERILOG,CONTAINS_INLINE_CONFIGURATION,fifo_512x128,true
fifo_161/sim/fifo_512x128_fifo_161_2vzxxdi.v,VERILOG,,fifo_512x128_fifo_161_2vzxxdi,false
fifo_161/sim/fifo_512x128_fifo_161_2vzxxdi.sdc,SDC,,fifo_512x128_fifo_161_2vzxxdi,false
#
# Map from instance-path to kind of module
instances:
instancePath,module
fifo_512x128.fifo_0,fifo_512x128_fifo_161_2vzxxdi
