# system info fp_mult on 2017.09.18.09:19:39
system_info:
name,value
DEVICE,10AX115S1F45I1SG
DEVICE_FAMILY,Arria 10
GENERATION_ID,1505697573
#
#
# Files generated for fp_mult on 2017.09.18.09:19:39
files:
filepath,kind,attributes,module,is_top
sim/fp_mult.v,VERILOG,CONTAINS_INLINE_CONFIGURATION,fp_mult,true
altera_fp_functions_161/sim/dspba_library_package.vhd,VHDL,,fp_mult_altera_fp_functions_161_qww3g2q,false
altera_fp_functions_161/sim/dspba_library.vhd,VHDL,,fp_mult_altera_fp_functions_161_qww3g2q,false
altera_fp_functions_161/sim/fp_mult_altera_fp_functions_161_qww3g2q.vhd,VHDL,,fp_mult_altera_fp_functions_161_qww3g2q,false
#
# Map from instance-path to kind of module
instances:
instancePath,module
fp_mult.fp_functions_0,fp_mult_altera_fp_functions_161_qww3g2q
