# system info fifo_8x2_dis on 2017.11.01.15:33:01
system_info:
name,value
DEVICE,10AX115S2F45I1SG
DEVICE_FAMILY,Arria 10
GENERATION_ID,1509521581
#
#
# Files generated for fifo_8x2_dis on 2017.11.01.15:33:01
files:
filepath,kind,attributes,module,is_top
sim/fifo_8x2_dis.v,VERILOG,CONTAINS_INLINE_CONFIGURATION,fifo_8x2_dis,true
fifo_161/sim/fifo_8x2_dis_fifo_161_bc7oxmi.v,VERILOG,,fifo_8x2_dis_fifo_161_bc7oxmi,false
#
# Map from instance-path to kind of module
instances:
instancePath,module
fifo_8x2_dis.fifo_0,fifo_8x2_dis_fifo_161_bc7oxmi
