# system info fp_add on 2018.01.24.11:54:19
system_info:
name,value
DEVICE,10AX115S2F45I2SG
DEVICE_FAMILY,Arria 10
GENERATION_ID,1516766055
#
#
# Files generated for fp_add on 2018.01.24.11:54:19
files:
filepath,kind,attributes,module,is_top
sim/fp_add.v,VERILOG,CONTAINS_INLINE_CONFIGURATION,fp_add,true
altera_fp_functions_161/sim/dspba_library_package.vhd,VHDL,,fp_add_altera_fp_functions_161_vikdi5i,false
altera_fp_functions_161/sim/dspba_library.vhd,VHDL,,fp_add_altera_fp_functions_161_vikdi5i,false
altera_fp_functions_161/sim/fp_add_altera_fp_functions_161_vikdi5i.vhd,VHDL,,fp_add_altera_fp_functions_161_vikdi5i,false
#
# Map from instance-path to kind of module
instances:
instancePath,module
fp_add.fp_functions_0,fp_add_altera_fp_functions_161_vikdi5i
