# system info Rom_Check1 on 2017.12.05.19:01:28
system_info:
name,value
DEVICE,10AX115S2F45I2SG
DEVICE_FAMILY,Arria 10
GENERATION_ID,1512471688
#
#
# Files generated for Rom_Check1 on 2017.12.05.19:01:28
files:
filepath,kind,attributes,module,is_top
sim/Rom_Check1.v,VERILOG,CONTAINS_INLINE_CONFIGURATION,Rom_Check1,true
rom_1port_161/sim/Rom_Check1_rom_1port_161_awi72cq.v,VERILOG,,Rom_Check1_rom_1port_161_awi72cq,false
#
# Map from instance-path to kind of module
instances:
instancePath,module
Rom_Check1.rom_1port_0,Rom_Check1_rom_1port_161_awi72cq
