# system info fifo_8x539_dis on 2017.10.21.21:29:44
system_info:
name,value
DEVICE,10AX115S2F45I1SG
DEVICE_FAMILY,Arria 10
GENERATION_ID,1508592584
#
#
# Files generated for fifo_8x539_dis on 2017.10.21.21:29:44
files:
filepath,kind,attributes,module,is_top
sim/fifo_8x539_dis.v,VERILOG,CONTAINS_INLINE_CONFIGURATION,fifo_8x539_dis,true
fifo_161/sim/fifo_8x539_dis_fifo_161_oakgsvy.v,VERILOG,,fifo_8x539_dis_fifo_161_oakgsvy,false
#
# Map from instance-path to kind of module
instances:
instancePath,module
fifo_8x539_dis.fifo_0,fifo_8x539_dis_fifo_161_oakgsvy
