# system info ram_2_wrport_2048x32 on 2017.10.16.15:03:43
system_info:
name,value
DEVICE,10AX115S2F45I1SG
DEVICE_FAMILY,Arria 10
GENERATION_ID,1508137423
#
#
# Files generated for ram_2_wrport_2048x32 on 2017.10.16.15:03:43
files:
filepath,kind,attributes,module,is_top
sim/ram_2_wrport_2048x32.v,VERILOG,CONTAINS_INLINE_CONFIGURATION,ram_2_wrport_2048x32,true
ram_2port_161/sim/ram_2_wrport_2048x32_ram_2port_161_ywraana.v,VERILOG,,ram_2_wrport_2048x32_ram_2port_161_ywraana,false
#
# Map from instance-path to kind of module
instances:
instancePath,module
ram_2_wrport_2048x32.ram_2port_0,ram_2_wrport_2048x32_ram_2port_161_ywraana
