<?xml version="1.0" encoding="UTF-8"?>
<deploy
 date="2017.11.16.14:57:39"
 outputDirectory="/home/gpu_server4/Desktop/2_2/pcie_demo_v2_0/data_pkt/synth/ip_core/fifo_1024x128/fifo_1024x128/">
 <perimeter>
  <parameter
     name="AUTO_GENERATION_ID"
     type="Integer"
     defaultValue="0"
     onHdl="0"
     affectsHdl="1" />
  <parameter
     name="AUTO_UNIQUE_ID"
     type="String"
     defaultValue=""
     onHdl="0"
     affectsHdl="1" />
  <parameter
     name="AUTO_DEVICE_FAMILY"
     type="String"
     defaultValue="Arria 10"
     onHdl="0"
     affectsHdl="1" />
  <parameter
     name="AUTO_DEVICE"
     type="String"
     defaultValue="10AX115S2F45I1SG"
     onHdl="0"
     affectsHdl="1" />
  <parameter
     name="AUTO_DEVICE_SPEEDGRADE"
     type="String"
     defaultValue="1"
     onHdl="0"
     affectsHdl="1" />
  <interface name="fifo_input" kind="conduit" start="0">
   <property name="associatedClock" value="" />
   <property name="associatedReset" value="" />
   <port name="data" direction="input" role="datain" width="128" />
   <port name="wrreq" direction="input" role="wrreq" width="1" />
   <port name="rdreq" direction="input" role="rdreq" width="1" />
   <port name="wrclk" direction="input" role="wrclk" width="1" />
   <port name="rdclk" direction="input" role="rdclk" width="1" />
  </interface>
  <interface name="fifo_output" kind="conduit" start="0">
   <property name="associatedClock" value="" />
   <property name="associatedReset" value="" />
   <port name="q" direction="output" role="dataout" width="128" />
   <port name="wrusedw" direction="output" role="wrusedw" width="10" />
   <port name="rdempty" direction="output" role="rdempty" width="1" />
   <port name="wrfull" direction="output" role="wrfull" width="1" />
  </interface>
 </perimeter>
 <entity kind="fifo_1024x128" version="1.0" name="fifo_1024x128">
  <parameter name="AUTO_GENERATION_ID" value="1510815459" />
  <parameter name="AUTO_DEVICE" value="10AX115S2F45I1SG" />
  <parameter name="AUTO_DEVICE_FAMILY" value="Arria 10" />
  <parameter name="AUTO_UNIQUE_ID" value="" />
  <parameter name="AUTO_DEVICE_SPEEDGRADE" value="1" />
  <generatedFiles>
   <file
       path="/home/gpu_server4/Desktop/2_2/pcie_demo_v2_0/data_pkt/synth/ip_core/fifo_1024x128/fifo_1024x128/synth/fifo_1024x128.v"
       attributes="CONTAINS_INLINE_CONFIGURATION" />
   <file
       path="/home/gpu_server4/Desktop/2_2/pcie_demo_v2_0/data_pkt/synth/ip_core/fifo_1024x128/fifo_1024x128/synth/fifo_1024x128_cfg.v"
       attributes="CONTAINS_INLINE_CONFIGURATION" />
  </generatedFiles>
  <childGeneratedFiles>
   <file
       path="/home/gpu_server4/Desktop/2_2/pcie_demo_v2_0/data_pkt/synth/ip_core/fifo_1024x128/fifo_1024x128/synth/fifo_1024x128.v"
       attributes="CONTAINS_INLINE_CONFIGURATION" />
   <file
       path="/home/gpu_server4/Desktop/2_2/pcie_demo_v2_0/data_pkt/synth/ip_core/fifo_1024x128/fifo_1024x128/synth/fifo_1024x128_cfg.v"
       attributes="CONTAINS_INLINE_CONFIGURATION" />
  </childGeneratedFiles>
  <sourceFiles>
   <file
       path="/home/gpu_server4/Desktop/2_2/pcie_demo_v2_0/data_pkt/synth/ip_core/fifo_1024x128/fifo_1024x128.qsys" />
  </sourceFiles>
  <childSourceFiles>
   <file
       path="/home/gpu_server4/intelFPGA/16.1/ip/altera/megafunctions/fifo/fifo_hw.tcl" />
  </childSourceFiles>
  <messages>
   <message level="Info" culprit="fifo_1024x128">"Generating: fifo_1024x128"</message>
   <message level="Info" culprit="fifo_1024x128">"Generating: fifo_1024x128_fifo_161_j6ksvyq"</message>
  </messages>
 </entity>
 <entity kind="fifo" version="16.1" name="fifo_1024x128_fifo_161_j6ksvyq">
  <parameter name="GUI_Full" value="true" />
  <parameter name="GUI_RdUsedw_width" value="10" />
  <parameter name="GUI_AlmostFullThr" value="1" />
  <parameter name="GUI_AlmostEmpty" value="false" />
  <parameter name="DEVICE_FAMILY" value="Arria 10" />
  <parameter name="GUI_RAM_BLOCK_TYPE" value="Auto" />
  <parameter name="GUI_Empty" value="true" />
  <parameter name="GUI_wsEmpty" value="false" />
  <parameter name="GUI_msb_usedw" value="false" />
  <parameter name="GUI_WrUsedw_width" value="10" />
  <parameter name="GUI_rsEmpty" value="true" />
  <parameter name="GUI_Optimize" value="0" />
  <parameter name="GUI_Depth" value="1024" />
  <parameter name="GUI_LE_BasedFIFO" value="false" />
  <parameter name="GUI_UsedW" value="true" />
  <parameter name="GUI_wsUsedW" value="true" />
  <parameter name="GUI_LegacyRREQ" value="1" />
  <parameter name="GUI_Usedw_width" value="8" />
  <parameter name="GUI_Optimize_max" value="0" />
  <parameter name="GUI_CLOCKS_ARE_SYNCHRONIZED" value="0" />
  <parameter name="GUI_rsUsedW" value="false" />
  <parameter name="GUI_read_aclr_synch" value="false" />
  <parameter name="GUI_AlmostFull" value="false" />
  <parameter name="GUI_MAX_DEPTH" value="Auto" />
  <parameter name="GUI_OVERFLOW_CHECKING" value="false" />
  <parameter name="GUI_UNDERFLOW_CHECKING" value="false" />
  <parameter name="GUI_output_width" value="8" />
  <parameter name="GUI_delaypipe" value="4" />
  <parameter name="GUI_wsFull" value="true" />
  <parameter name="GUI_ENABLE_ECC" value="false" />
  <parameter name="GUI_Clock" value="4" />
  <parameter name="GUI_dc_aclr" value="false" />
  <parameter name="GUI_rsFull" value="false" />
  <parameter name="GUI_sc_sclr" value="false" />
  <parameter name="GUI_diff_widths" value="false" />
  <parameter name="GUI_MAX_DEPTH_BY_9" value="false" />
  <parameter name="GUI_AlmostEmptyThr" value="1" />
  <parameter name="GUI_synStage" value="3" />
  <parameter name="GUI_write_aclr_synch" value="false" />
  <parameter name="GUI_sc_aclr" value="false" />
  <parameter name="GUI_DISABLE_DCFIFO_EMBEDDED_TIMING_CONSTRAINT" value="true" />
  <parameter name="GUI_Width" value="128" />
  <generatedFiles>
   <file
       path="/home/gpu_server4/Desktop/2_2/pcie_demo_v2_0/data_pkt/synth/ip_core/fifo_1024x128/fifo_1024x128/fifo_161/synth/fifo_1024x128_fifo_161_j6ksvyq.v"
       attributes="" />
   <file
       path="/home/gpu_server4/Desktop/2_2/pcie_demo_v2_0/data_pkt/synth/ip_core/fifo_1024x128/fifo_1024x128/fifo_161/synth/fifo_1024x128_fifo_161_j6ksvyq.sdc"
       attributes="" />
  </generatedFiles>
  <childGeneratedFiles>
   <file
       path="/home/gpu_server4/Desktop/2_2/pcie_demo_v2_0/data_pkt/synth/ip_core/fifo_1024x128/fifo_1024x128/fifo_161/synth/fifo_1024x128_fifo_161_j6ksvyq.v"
       attributes="" />
   <file
       path="/home/gpu_server4/Desktop/2_2/pcie_demo_v2_0/data_pkt/synth/ip_core/fifo_1024x128/fifo_1024x128/fifo_161/synth/fifo_1024x128_fifo_161_j6ksvyq.sdc"
       attributes="" />
  </childGeneratedFiles>
  <sourceFiles>
   <file
       path="/home/gpu_server4/intelFPGA/16.1/ip/altera/megafunctions/fifo/fifo_hw.tcl" />
  </sourceFiles>
  <childSourceFiles/>
  <instantiator instantiator="fifo_1024x128" as="fifo_0" />
  <messages>
   <message level="Info" culprit="fifo_1024x128">"Generating: fifo_1024x128_fifo_161_j6ksvyq"</message>
  </messages>
 </entity>
</deploy>
