# system info Rom_Check2 on 2017.12.12.17:12:09
system_info:
name,value
DEVICE,10AX115S2F45I1SG
DEVICE_FAMILY,Arria 10
GENERATION_ID,1513069929
#
#
# Files generated for Rom_Check2 on 2017.12.12.17:12:09
files:
filepath,kind,attributes,module,is_top
sim/Rom_Check2.v,VERILOG,CONTAINS_INLINE_CONFIGURATION,Rom_Check2,true
rom_1port_161/sim/Rom_Check2_rom_1port_161_bqgu56y.v,VERILOG,,Rom_Check2_rom_1port_161_bqgu56y,false
#
# Map from instance-path to kind of module
instances:
instancePath,module
Rom_Check2.rom_1port_0,Rom_Check2_rom_1port_161_bqgu56y
