# system info fifo_4096x128 on 2017.10.26.20:44:30
system_info:
name,value
DEVICE,10AX115S2F45I1SG
DEVICE_FAMILY,Arria 10
GENERATION_ID,1509021870
#
#
# Files generated for fifo_4096x128 on 2017.10.26.20:44:30
files:
filepath,kind,attributes,module,is_top
sim/fifo_4096x128.v,VERILOG,CONTAINS_INLINE_CONFIGURATION,fifo_4096x128,true
fifo_161/sim/fifo_4096x128_fifo_161_5kcov5y.v,VERILOG,,fifo_4096x128_fifo_161_5kcov5y,false
#
# Map from instance-path to kind of module
instances:
instancePath,module
fifo_4096x128.fifo_0,fifo_4096x128_fifo_161_5kcov5y
