# system info pll_125m on 2017.11.22.17:38:32
system_info:
name,value
DEVICE,10AX115S2F45I1SG
DEVICE_FAMILY,Arria 10
GENERATION_ID,1511343511
#
#
# Files generated for pll_125m on 2017.11.22.17:38:32
files:
filepath,kind,attributes,module,is_top
sim/pll_125m.v,VERILOG,CONTAINS_INLINE_CONFIGURATION,pll_125m,true
altera_iopll_161/sim/pll_125m_altera_iopll_161_5zboggi.vo,VERILOG,,pll_125m_altera_iopll_161_5zboggi,false
#
# Map from instance-path to kind of module
instances:
instancePath,module
pll_125m.iopll_0,pll_125m_altera_iopll_161_5zboggi
