# system info fifo_512x128 on 2017.07.27.17:41:20
system_info:
name,value
DEVICE,10AX115S1F45I1SG
DEVICE_FAMILY,Arria 10
GENERATION_ID,1501148480
#
#
# Files generated for fifo_512x128 on 2017.07.27.17:41:20
files:
filepath,kind,attributes,module,is_top
sim/fifo_512x128.v,VERILOG,CONTAINS_INLINE_CONFIGURATION,fifo_512x128,true
fifo_161/sim/fifo_512x128_fifo_161_zztc6vy.v,VERILOG,,fifo_512x128_fifo_161_zztc6vy,false
#
# Map from instance-path to kind of module
instances:
instancePath,module
fifo_512x128.fifo_0,fifo_512x128_fifo_161_zztc6vy
